"N0","class","proc","category","area","ITEMS","VOLUME","","SPEK","UNIT PRICE","TOTAL PRICE","UNIT PRICE","TOTAL PRICE","d","%"
"0","","","","","PEKERJAAN PERANCANGAN","","","","","","","","",""
"0.1","","","","","PEKERJAAN PERANCANGAN","","","","","","","","","0.00%"
"1","PR","M","","","Jasa Desain dan Perencanaan Konstruksi","1.00","ls","","","0","","","","0.00%"
"SubTotal Pekerjaan Perancangan","","","","","","","","","","0","","0","","0.00%"
"1","","","","","PEKERJAAN UMUM","","","","","","","","",""
"1.1","","","","","PEKERJAAN PERSIAPAN","","","","","","","","","6.27%"
"1","pr","M","","0","Pengawasan dan Koordinasi","4.00","bln",""," Rp 2,920,000 "," Rp 11,680,000 ","0","0"," Rp 11,680,000.00 ","0.42%"
"2","pr","M","","0","Direksi Keet","4.00","bln",""," Rp 7,300,000 "," Rp 29,200,000 "," Rp 4,800,000.00 "," Rp 19,200,000.00 "," Rp 10,000,000.00 ","1.04%"
"3","pr","M","","0","Mobilisasi Pekerja","2.00","ls",""," Rp 1,460,000 "," Rp 2,920,000 ","0","0"," Rp 2,920,000.00 ","0.10%"
"4","pr","M","","0","Mobilisasi Peralatan Kerja","2.00","ls",""," Rp 1,022,000 "," Rp 2,044,000 ","0","0"," Rp 2,044,000.00 ","0.07%"
"5","pr","M","","0","Akomodasi Pekerja","4.00","bln",""," Rp 4,380,000 "," Rp 17,520,000 "," Rp 2,500,000.00 "," Rp 10,000,000.00 "," Rp 7,520,000.00 ","0.62%"
"6","pr","M","","0","Storage Peralatan dan Perlengkapan","1.00","ls",""," Rp 2,190,000 "," Rp 2,190,000 ","0","0"," Rp 2,190,000.00 ","0.08%"
"7","sf","M","","0","Proteksi Jalur Loading Material","50.00","m'",""," Rp 146,000 "," Rp 7,300,000 ","0","0"," Rp 7,300,000.00 ","0.26%"
"8","sf","M","","0","Proteksi/Pembatas Area Kerja","65.00","m²",""," Rp 87,600 "," Rp 5,694,000 "," Rp 60,000.00 "," Rp 3,900,000.00 "," Rp 1,794,000.00 ","0.20%"
"9","pr","M","","0","Detailing Desain dan Dokumentasi Proyek","4.00","bln",""," Rp 10,950,000 "," Rp 43,800,000 ","0","0"," Rp 43,800,000.00 ","1.56%"
"10","sf","M","","0","K3 dan Safety Equipment","1.00","ls",""," Rp 5,110,000 "," Rp 5,110,000 "," Rp 3,500,000.00 "," Rp 3,500,000.00 "," Rp 1,610,000.00 ","0.18%"
"11","sf","M","","0","APAR , Alat Pemadam Api","1.00","Ls",""," Rp 2,190,000 "," Rp 2,190,000 "," Rp 1,500,000.00 "," Rp 1,500,000.00 "," Rp 690,000.00 ","0.08%"
"12","pr","M","","0","Persiapan dan Perapihan Area (Include Buang Sampah)","1200.00","m²",""," Rp 9,490 "," Rp 11,388,000 "," Rp 6,500.00 "," Rp 7,800,000.00 "," Rp 3,588,000.00 ","0.41%"
"13","pr","M","","0","General Cleaning","1200.00","m²",""," Rp 29,200 "," Rp 35,040,000 ","0","0"," Rp 35,040,000.00 ","1.25%"
"14","pr","M","","0","Listrik & Air Kerja","4.00","bln","","","Supplied By Owner","","","",""
"1.2","","","","","PEKERJAAN BONGKARAN LANTAI 1","","","","","","","","0","0.40%"
"1","pr","M","","1","Bongkar Dinding u/ Pintu dan Jendela","44.45","m2",""," Rp 73,000 "," Rp 3,244,850 "," Rp 50,000.00 "," Rp 2,222,500 "," Rp 1,022,350.00 ","0.12%"
"2","pr","M","","1","Bongkar Dinding Ruangan Eksisting","38.80","m2",""," Rp 73,000 "," Rp 2,832,400 "," Rp 50,000.00 "," Rp 1,940,000 "," Rp 892,400.00 ","0.10%"
"3","pr","M","","1","Bongkar Lantai","50.40","m2",""," Rp 29,200 "," Rp 1,471,680 "," Rp 20,000.00 "," Rp 1,008,000 "," Rp 463,680.00 ","0.05%"
"4","pr","M","","1","Bongkar Plafond Eksisting","44.00","m2",""," Rp 21,900 "," Rp 963,600 "," Rp 15,000.00 "," Rp 660,000 "," Rp 303,600.00 ","0.03%"
"5","pr","M","","1","Bongkar Tangga","1.00","ls",""," Rp 2,190,000 "," Rp 2,190,000 "," Rp 1,500,000.00 "," Rp 1,500,000 "," Rp 690,000.00 ","0.08%"
"6","pr","B","","1","Bongkar Rolling Door Warehouse","1.00","ls",""," Rp 219,000 "," Rp 219,000 "," Rp 700,000.00 "," Rp 700,000 ","-Rp 481,000.00 ","0.01%"
"7","pr","M","","1","Bongkar Pintu; Jendela; Kusen","2.00","ls",""," Rp 219,000 "," Rp 438,000 "," Rp 150,000.00 "," Rp 300,000 "," Rp 138,000.00 ","0.02%"
"1.3","","","","","PEKERJAAN BONGKARAN LANTAI 2","","","","","","","","","0.35%"
"1","pr","M","","2","Bongkar Dinding u/ Pintu dan Jendela","13.26","m2",""," Rp 73,000 "," Rp 967,980 "," Rp 50,000.00 "," Rp 663,000 "," Rp 304,980.00 ","0.03%"
"2","pr","M","","2","Bongkar Dinding Ruangan Eksisting","36.45","m2",""," Rp 73,000 "," Rp 2,660,850 "," Rp 50,000.00 "," Rp 1,822,500 "," Rp 838,350.00 ","0.09%"
"3","pr","M","","2","Bongkar Lantai","50.40","m2",""," Rp 29,200 "," Rp 1,471,680 "," Rp 20,000.00 "," Rp 1,008,000 "," Rp 463,680.00 ","0.05%"
"4","pr","M","","2","Bongkar Plafond Eksisting","102.00","m2",""," Rp 21,900 "," Rp 2,233,800 "," Rp 15,000.00 "," Rp 1,530,000 "," Rp 703,800.00 ","0.08%"
"5","pr","M","","2","Bongkar Plat Lantai Sebagian","12.00","m2",""," Rp 146,000 "," Rp 1,752,000 "," Rp 100,000.00 "," Rp 1,200,000 "," Rp 552,000.00 ","0.06%"
"6","pr","M","","2","Bongkar Pintu; Jendela; Kusen","4.00","ls",""," Rp 219,000 "," Rp 876,000 "," Rp 150,000.00 "," Rp 600,000 "," Rp 276,000.00 ","0.03%"
"1.4","","","","","PEKERJAAN STRUKTUR","","","","","","","","0","11.61%"
"1","ST","M","","1","Kolom Praktis","11.00","bh",""," Rp 657,000 "," Rp 7,227,000 "," Rp 450,000.00 "," Rp 4,950,000 "," Rp 2,277,000.00 ","0.26%"
"2","ST","M","","1","- Formwork","11.00","ls",""," Rp 146,000 "," Rp 1,606,000 "," Rp 100,000.00 "," Rp 1,100,000 "," Rp 506,000.00 ","0.06%"
"3","ST","M","","1","- Finishing Plaster - Aci","11.00","ls",""," Rp 219,000 "," Rp 2,409,000 "," Rp 150,000.00 "," Rp 1,650,000 "," Rp 759,000.00 ","0.09%"
"4","ST","M","","1","Pengukuran dan Kalibrasi Level Lantai Mezzanine","1.00","ls",""," Rp 511,000 "," Rp 511,000 "," Rp 350,000.00 "," Rp 350,000 "," Rp 161,000.00 ","0.02%"
"5","ST","M","","1","Mobilisasi Material dan Peralatan","1.00","ls",""," Rp 2,190,000 "," Rp 2,190,000 "," Rp 1,500,000.00 "," Rp 1,500,000 "," Rp 690,000.00 ","0.08%"
"6","ST","B","","1","Steel Structure u/ Mezzanine Office (5m x 15m)","75.00","m2",""," Rp 2,628,000 "," Rp 197,100,000 "," Rp 1,800,000.00 "," Rp 135,000,000 "," Rp 62,100,000.00 ","7.01%"
"7","ST","B","","1","Pekerjaan Plat Lantai Beton fin. Screed","11.25","m3",""," Rp 6,570,000 "," Rp 73,912,500 "," Rp 4,500,000.00 "," Rp 50,625,000 "," Rp 23,287,500.00 ","2.63%"
"8","ST","B","","1","- Formwork","75.00","m2",""," Rp 229,378 "," Rp 17,203,359 "," Rp 157,108.30 "," Rp 11,783,123 "," Rp 5,420,236.50 ","0.61%"
"9","ST","B","Tangga","1","Pekerjaan Tangga Darurat (Struktur dan Finishing)","1.00","ls",""," Rp 24,090,000 "," Rp 24,090,000 "," Rp 16,500,000.00 "," Rp 16,500,000 "," Rp 7,590,000.00 ","0.86%"
"SubTotal Pekerjaan Umum","","","","","","","","",""," Rp 523,646,699 ",""," Rp 284,512,123 "," Rp 239,134,576 ","18.64%"
"2","","","","","PEKERJAAN ARSITEKTUR","","","","","","","","",""
"2.1","","","","","LANTAI 1","","","","","","","","0",""
"2.1.1","","","","","Pekerjaan Partisi Hebel, Gypsum","","","","","","","","0",""
"","","","","","Opening Jendela Belakang","","","","","","","","0","1.27%"
"1","AR","M","","1","Struktur Kanal C 100","32.40","m",""," Rp 458,805 "," Rp 14,865,282 "," Rp 314,250.00 "," Rp 10,181,700 "," Rp 4,683,582.00 ","0.53%"
"2","AR","M","","1","Pekerjaan Pasangan Dinding","31.20","m²",""," Rp 160,600 "," Rp 5,010,720 "," Rp 110,000.00 "," Rp 3,432,000 "," Rp 1,578,720.00 ","0.18%"
"3","AR","M","","1","Plester - Aci Dinding","62.40","m²",""," Rp 175,200 "," Rp 10,932,480 "," Rp 120,000.00 "," Rp 7,488,000 "," Rp 3,444,480.00 ","0.39%"
"4","AR","M","","1","Pengecatan Dinding","31.20","m²","Dulux Pentalite"," Rp 65,700 "," Rp 2,049,840 "," Rp 35,000.00 "," Rp 1,092,000 "," Rp 957,840.00 ","0.07%"
"5","AR","M","","1","Pengecatan Dinding Eksterior","31.20","m²","Dulux Weathershield"," Rp 90,520 "," Rp 2,824,224 "," Rp 35,000.00 "," Rp 1,092,000 "," Rp 1,732,224.00 ","0.10%"
"","","","","1","General Area","","","","","","","","","0.04%"
"1","AR","M","","1","Pekerjaan Pasangan Dinding Hebel","1.80","m²",""," Rp 160,600 "," Rp 289,080 "," Rp 110,000.00 "," Rp 198,000 "," Rp 91,080.00 ","0.01%"
"2","AR","M","","1","Plester - Aci Dinding","3.60","m²",""," Rp 175,200 "," Rp 630,720 "," Rp 120,000.00 "," Rp 432,000 "," Rp 198,720.00 ","0.02%"
"3","AR","B","CAT","1","Pengecatan Dinding","3.60","m²","Dulux Pentalite"," Rp 65,700 "," Rp 236,520 "," Rp 35,000.00 "," Rp 126,000 "," Rp 110,520.00 ","0.01%"
"","","","","1","Musholla","","","","","","","","","0.90%"
"1","AR","M","","1","Pekerjaan Pasangan Dinding Hebel","22.50","m²",""," Rp 160,600 "," Rp 3,613,500 "," Rp 110,000.00 "," Rp 2,475,000 "," Rp 1,138,500.00 ","0.13%"
"2","AR","M","","1","Plester - Aci Dinding","45.00","m²",""," Rp 175,200 "," Rp 7,884,000 "," Rp 120,000.00 "," Rp 5,400,000 "," Rp 2,484,000.00 ","0.28%"
"3","AR","B","CAT","1","Pengecatan Dinding","45.00","m²","Dulux Pentalite"," Rp 65,700 "," Rp 2,956,500 "," Rp 35,000.00 "," Rp 1,575,000 "," Rp 1,381,500.00 ","0.11%"
"4","AR","M","","1","Partisi Pembatas Area Pria-Wanita","9.00","m²",""," Rp 1,197,200 "," Rp 10,774,800 "," Rp 820,000.00 "," Rp 7,380,000 "," Rp 3,394,800.00 ","0.38%"
"","","","","1","Area Wudhu","","","","","","","","","1.03%"
"1","AR","M","","1","Pekerjaan Pasangan Dinding Hebel","39.00","m²",""," Rp 160,600 "," Rp 6,263,400 "," Rp 110,000.00 "," Rp 4,290,000 "," Rp 1,973,400.00 ","0.22%"
"2","AR","M","","1","Plester - Aci Dinding","52.00","m²",""," Rp 175,200 "," Rp 9,110,400 "," Rp 120,000.00 "," Rp 6,240,000 "," Rp 2,870,400.00 ","0.32%"
"3","AR","B","CAT","1","Pengecatan Dinding","52.00","m²","Dulux Pentalite"," Rp 65,700 "," Rp 3,416,400 "," Rp 35,000.00 "," Rp 1,820,000 "," Rp 1,596,400.00 ","0.12%"
"4","AR","M","","1","Pekerjaan Dinding Keramik","26.00","m²",""," Rp 394,200 "," Rp 10,249,200 "," Rp 270,000.00 "," Rp 7,020,000 "," Rp 3,229,200.00 ","0.36%"
"","","","","1","Toilet","","","","","","","","","1.78%"
"1","AR","M","","1","Pekerjaan Pasangan Dinding Hebel 10cm","68.10","m²",""," Rp 160,600 "," Rp 10,936,860 "," Rp 110,000.00 "," Rp 7,491,000 "," Rp 3,445,860.00 ","0.39%"
"2","AR","M","","1","Plester - Aci Dinding","95.00","m²",""," Rp 175,200 "," Rp 16,644,000 "," Rp 120,000.00 "," Rp 11,400,000 "," Rp 5,244,000.00 ","0.59%"
"3","AR","B","CAT","1","Pengecatan Dinding","95.00","m²","Dulux Pentalite"," Rp 65,700 "," Rp 6,241,500 "," Rp 35,000.00 "," Rp 3,325,000 "," Rp 2,916,500.00 ","0.22%"
"4","AR","M","","1","Pekerjaan Dinding Keramik","41.20","m²",""," Rp 394,200 "," Rp 16,241,040 "," Rp 270,000.00 "," Rp 11,124,000 "," Rp 5,117,040.00 ","0.58%"
"2.1.2","","","","","Pekerjaan Plafond","","","","","","","","0",""
"","","","","","General Area","","","","","","","","0","0.22%"
"1","AR","M","","1","Pengukuran dan Kalibrasi Level Plafond","1.00","ls",""," Rp 511,000 "," Rp 511,000 ","0","0"," Rp 511,000.00 ","0.02%"
"2","AR","B","GYPSUM","1","Tie Rod Rangka Plafond Area Staff","78.38","m1",""," Rp 73,000 "," Rp 5,721,375 "," Rp 47,700.00 "," Rp 3,738,488 "," Rp 1,982,887.50 ","0.20%"
"","","","","1","Workstation","","","","","","","","0","5.05%"
"1","AR","B","GYPSUM","1","Pasang Rangka Plafond Hollow","249.00","m²","Hollow 0,4"," Rp 65,700 "," Rp 16,359,300 "," Rp 47,700.00 "," Rp 11,877,300 "," Rp 4,482,000.00 ","0.58%"
"2","AR","B","GYPSUM","1","Pekerjaan Pasang  Plafond Gypsum Drop Ceiling Area Staff (CL + 7m) ","249.00","m²","A- plus"," Rp 394,200 "," Rp 98,155,800 "," Rp 44,500.00 "," Rp 11,080,500 "," Rp 87,075,300.00 ","3.49%"
"3","AR","B","GYPSUM","1","Pengecatan Plafond Gypsum ","249.00","m²","Dulux Pentalite"," Rp 109,500 "," Rp 27,265,500 "," Rp 35,000.00 "," Rp 8,715,000 "," Rp 18,550,500.00 ","0.97%"
"","","","","1","Holding Area","","","","","","","","0","1.07%"
"1","AR","B","GYPSUM","1","Pasang Rangka Plafond Hollow","53.00","m²","Hollow 0,4"," Rp 65,700 "," Rp 3,482,100 "," Rp 47,700.00 "," Rp 2,528,100 "," Rp 954,000.00 ","0.12%"
"2","AR","B","GYPSUM","1","Pekerjaan Pasang  Plafond Gypsum ","53.00","m²","A- plus"," Rp 394,200 "," Rp 20,892,600 "," Rp 44,500.00 "," Rp 2,358,500 "," Rp 18,534,100.00 ","0.74%"
"3","AR","B","GYPSUM","1","Pengecatan Plafond Gypsum ","53.00","m²","Dulux Pentalite"," Rp 109,500 "," Rp 5,803,500 "," Rp 35,000.00 "," Rp 1,855,000 "," Rp 3,948,500.00 ","0.21%"
"","","","","1","Musholla + Area Wudhu","","","","","","","","0","0.82%"
"1","AR","B","GYPSUM","1","Pasang Rangka Plafond Hollow","42.00","m²","Hollow 0,4"," Rp 350,400 "," Rp 14,716,800 "," Rp 47,700.00 "," Rp 2,003,400 "," Rp 12,713,400.00 ","0.52%"
"2","AR","B","GYPSUM","1","Pekerjaan Pasang  Plafond Gypsum ","42.00","m²","A- plus"," Rp 131,400 "," Rp 5,518,800 "," Rp 44,500.00 "," Rp 1,869,000 "," Rp 3,649,800.00 ","0.20%"
"3","AR","B","GYPSUM","1","Pengecatan Plafond Gypsum ","42.00","m²","Dulux Pentalite"," Rp 65,700 "," Rp 2,759,400 "," Rp 35,000.00 "," Rp 1,470,000 "," Rp 1,289,400.00 ","0.10%"
"","","","","1","Toilet + Janitor","","","","","","","","0","0.66%"
"1","AR","B","GYPSUM","1","Pasang Rangka Plafond Hollow","34.00","m²","Hollow 0,4"," Rp 350,400 "," Rp 11,913,600 "," Rp 47,700.00 "," Rp 1,621,800 "," Rp 10,291,800.00 ","0.42%"
"2","AR","B","GYPSUM","1","Pekerjaan Pasang  Plafond Gypsum ","34.00","m²","A- plus"," Rp 131,400 "," Rp 4,467,600 "," Rp 44,500.00 "," Rp 1,513,000 "," Rp 2,954,600.00 ","0.16%"
"3","AR","B","GYPSUM","1","Pengecatan Plafond Gypsum ","34.00","m²","Dulux Pentalite"," Rp 65,700 "," Rp 2,233,800 "," Rp 35,000.00 "," Rp 1,190,000 "," Rp 1,043,800.00 ","0.08%"
"","","","","1","Akses","","","","","","","","0","0.84%"
"1","AR","B","GYPSUM","1","Pasang Rangka Plafond Hollow","43.00","m²","Hollow 0,4"," Rp 350,400 "," Rp 15,067,200 "," Rp 47,700.00 "," Rp 2,051,100 "," Rp 13,016,100.00 ","0.54%"
"2","AR","B","GYPSUM","1","Pekerjaan Pasang  Plafond Gypsum ","43.00","m²","A- plus"," Rp 131,400 "," Rp 5,650,200 "," Rp 44,500.00 "," Rp 1,913,500 "," Rp 3,736,700.00 ","0.20%"
"3","AR","B","GYPSUM","1","Pengecatan Plafond Gypsum ","43.00","m²","Dulux Pentalite"," Rp 65,700 "," Rp 2,825,100 "," Rp 35,000.00 "," Rp 1,505,000 "," Rp 1,320,100.00 ","0.10%"
"","","","","1","Storage","","","","","","","","0","0.97%"
"1","AR","B","GYPSUM","1","Pasang Rangka Plafond Hollow","50.00","m²","Hollow 0,4"," Rp 350,400 "," Rp 17,520,000 "," Rp 47,700.00 "," Rp 2,385,000 "," Rp 15,135,000.00 ","0.62%"
"2","AR","B","GYPSUM","1","Pekerjaan Pasang  Plafond Gypsum ","50.00","m²","A- plus"," Rp 131,400 "," Rp 6,570,000 "," Rp 44,500.00 "," Rp 2,225,000 "," Rp 4,345,000.00 ","0.23%"
"3","AR","B","GYPSUM","1","Pengecatan Plafond Gypsum ","50.00","m²","Dulux Pentalite"," Rp 65,700 "," Rp 3,285,000 "," Rp 35,000.00 "," Rp 1,750,000 "," Rp 1,535,000.00 ","0.12%"
"2.1.3","","","","","Pekerjaan Penutup Lantai","","","","","","","","0",""
"","","","","","Workstation","","","","","","","","0",""
"1","AR","B","KARPET","1","Pekerjaan Pasang Plywood Underlayer Karpet","173.00","m²",""," Rp 65,700 "," Rp 11,366,100 "," Rp 45,000.00 "," Rp 7,785,000 "," Rp 3,581,100.00 ","0.40%"
"2","AR","B","KARPET","1","Pekerjaan Pasang Karpet + Material Karpet Tile","173.00","m²",""," Rp 393,750 "," Rp 68,118,750 "," Rp 315,000.00 "," Rp 54,495,000 "," Rp 13,623,750.00 ","2.42%"
"3","AR","B","KARPET","1","Pekerjaan Pasang Skirting ","56.00","m'",""," Rp 109,500 "," Rp 6,132,000 "," Rp 75,000.00 "," Rp 4,200,000 "," Rp 1,932,000.00 ","0.22%"
"","","","","1","Holding Area","","","","","","","","",""
"1","AR","B","KARPET","1","Pekerjaan Pasang Plywood Underlayer Karpet","55.00","m²",""," Rp 65,700 "," Rp 3,613,500 "," Rp 45,000.00 "," Rp 2,475,000 "," Rp 1,138,500.00 ","0.13%"
"2","AR","B","KARPET","1","Pekerjaan Pasang Karpet + Material Karpet Tile","55.00","m²",""," Rp 393,750 "," Rp 21,656,250 "," Rp 315,000.00 "," Rp 17,325,000 "," Rp 4,331,250.00 ","0.77%"
"3","AR","B","KARPET","1","Pekerjaan Pasang Skirting ","32.00","m'",""," Rp 109,500 "," Rp 3,504,000 "," Rp 75,000.00 "," Rp 2,400,000 "," Rp 1,104,000.00 ","0.12%"
"","","","","1","Access","","","","","","","","",""
"1","AR","B","VINYL","1","Pekerjaan Pasang Plywood Underlayer Vinyl","65.00","m²",""," Rp 65,700 "," Rp 4,270,500 "," Rp 45,000.00 "," Rp 2,925,000 "," Rp 1,345,500.00 ","0.15%"
"2","AR","B","VINYL","1","Pekerjaan Pasang Vinyl Motif ","65.00","m²",""," Rp 554,800 "," Rp 36,062,000 "," Rp 380,000.00 "," Rp 24,700,000 "," Rp 11,362,000.00 ","1.28%"
"","","","","1","Toilet","","","","","","","","",""
"1","AR","M","","1","Screeding + Waterproofing","36.00","m2",""," Rp 379,600 "," Rp 13,665,600 "," Rp 260,000.00 "," Rp 9,360,000 "," Rp 4,305,600.00 ","0.49%"
"2","AR","M","","1","Lantai Keramik HT 60x60cm","36.00","m2",""," Rp 540,200 "," Rp 19,447,200 "," Rp 370,000.00 "," Rp 13,320,000 "," Rp 6,127,200.00 ","0.69%"
"","","","","1","Janitor","","","","","","","","",""
"1","AR","M","","1","Lantai Keramik HT 60x60cm","4.90","m2",""," Rp 540,200 "," Rp 2,646,980 "," Rp 370,000.00 "," Rp 1,813,000 "," Rp 833,980.00 ","0.09%"
"2","AR","M","","1","Tanggul Keramik HT 60x60cm","1.20","m2",""," Rp 540,200 "," Rp 648,240 "," Rp 370,000.00 "," Rp 444,000 "," Rp 204,240.00 ","0.02%"
"3","AR","M","","1","Pekerjaan Pasang Plint Keramik","12.00","m'",""," Rp 146,000 "," Rp 1,752,000 "," Rp 100,000.00 "," Rp 1,200,000 "," Rp 552,000.00 ","0.06%"
"","","","","1","Area Wudhu","","","","","","","","",""
"1","AR","M","","1","Screeding + Waterproofing","15.00","m2",""," Rp 379,600 "," Rp 5,694,000 "," Rp 260,000.00 "," Rp 3,900,000 "," Rp 1,794,000.00 ","0.20%"
"2","AR","M","","1","Lantai Keramik HT 60x60cm","15.00","m2",""," Rp 540,200 "," Rp 8,103,000 "," Rp 370,000.00 "," Rp 5,550,000 "," Rp 2,553,000.00 ","0.29%"
"","","","","1","Musholla","","","","","","","","",""
"1","AR","M","","1","Raise Level Lantai t=10cm","29.00","m2",""," Rp 408,800 "," Rp 11,855,200 "," Rp 280,000.00 "," Rp 8,120,000 "," Rp 3,735,200.00 ","0.42%"
"2","AR","B","VINYL","1","Pekerjaan Pasang Plywood Underlayer Vinyl","29.00","m2",""," Rp 65,700 "," Rp 1,905,300 "," Rp 45,000.00 "," Rp 1,305,000 "," Rp 600,300.00 ","0.07%"
"3","AR","B","VINYL","1","Pekerjaan Pasang Vinyl Motif ","29.00","m2",""," Rp 554,800 "," Rp 16,089,200 "," Rp 380,000.00 "," Rp 11,020,000 "," Rp 5,069,200.00 ","0.57%"
"4","AR","B","VINYL","1","Pekerjaan Pasang Plint finish kayu","24.00","m'",""," Rp 146,000 "," Rp 3,504,000 "," Rp 100,000.00 "," Rp 2,400,000 "," Rp 1,104,000.00 ","0.12%"
"2.1.4","","","","","Pekerjaan Partisi Kaca, Pintu, Jendela","","","","","","","","0",""
"","","","","","Holding Room","","","","","","","","0",""
"1","AR","B","KACA","1","Pekerjaan Pasang Pintu Kaca","1.00","unit",""," Rp 8,906,000 "," Rp 8,906,000 "," Rp 6,100,000.00 "," Rp 6,100,000 "," Rp 2,806,000.00 ","0.32%"
"","","","","1","   - pintu kaca tempered 10mm dgn floor hinge","","","","","","","","0",""
"","","","","1","   - handle pintu dekkson","","","","","","","","0",""
"","","","","1","   - lockset dekkson","","","","","","","","0",""
"","","","","1","   - door stopper dekkson","","","","","","","","0",""
"","","","","1","   - sticker sandblast","","","","","","","","0",""
"2","AR","B","KACA","1","Pekerjaan Pasang Partisi Kaca Keliling","1.00","set",""," Rp 61,779,900 "," Rp 61,779,900 "," Rp 42,315,000.00 "," Rp 42,315,000 "," Rp 19,464,900.00 ","2.20%"
"","","","","1","- kaca tempered 10 mm","37.00","m²","","",""," Rp 35,520,000.00 ","","0","0.00%"
"","","","","1","- kusen aluminium 3' ex. Alexindo","43.20","m","","",""," Rp 6,480,000.00 ","","0","0.00%"
"","","","","1","- sticker sandblast","0.00","m²","","",""," Rp 315,000.00 ","","0","0.00%"
"","","","","1","Opening Jendela Belakang","","","","","","","","0",""
"3","AR","B","KACA","1","Perimeter Kaca Modul A","2.00","set",""," Rp 23,358,540 "," Rp 46,717,080 "," Rp 15,999,000.00 "," Rp 31,998,000 "," Rp 14,719,080.00 ","1.66%"
"","","","","1","- kaca tempered 10 mm","13.65","m²","","",""," Rp 13,104,000.00 ","","0","0.00%"
"","","","","1","- kusen aluminium 3' ex. Alexindo","17.20","m","","",""," Rp 2,580,000.00 ","","0","0.00%"
"","","","","1","- sticker sandblast","0.00","m²","","",""," Rp 315,000.00 ","","0","0.00%"
"4","AR","B","KACA","1","Perimeter Kaca Modul B","2.00","set",""," Rp 16,636,992 "," Rp 33,273,984 "," Rp 11,395,200.00 "," Rp 22,790,400 "," Rp 10,483,584.00 ","1.18%"
"","","","","1","- kaca tempered 10 mm","9.49","m²","","",""," Rp 9,115,200.00 ","","0","0.00%"
"","","","","1","- kusen aluminium 3' ex. Alexindo","13.10","m","","",""," Rp 1,965,000.00 ","","0","0.00%"
"","","","","1","- sticker sandblast","0.00","m²","","",""," Rp 315,000.00 ","","0","0.00%"
"","","","","1","Akses","","","","","","","","0",""
"5","AR","M","","1","Pekerjaan Pasang Pintu Akses Samping","1.00","unit",""," Rp 4,599,000 "," Rp 4,599,000 "," Rp 3,150,000.00 "," Rp 3,150,000 "," Rp 1,449,000.00 ","0.16%"
"","","","","1","Emergency Exit","","","","","","","","",""
"6","AR","M","","1","Pekerjaan Pasang Pintu Darurat","1.00","unit",""," Rp 4,088,000 "," Rp 4,088,000 "," Rp 2,800,000.00 "," Rp 2,800,000 "," Rp 1,288,000.00 ","0.15%"
"","","","","1","Storage Room","","","","","","","","",""
"7","AR","B","KACA","1","Pekerjaan Pasang Pintu Geser Storage","2.00","unit",""," Rp 4,599,000 "," Rp 9,198,000 "," Rp 3,150,000.00 "," Rp 6,300,000 "," Rp 2,898,000.00 ","0.33%"
"","","","","1","Janitor","","","","","","","","",""
"8","AR","B","KACA","1","Pekerjaan Pasang Pintu Janitor","1.00","unit",""," Rp 4,599,000 "," Rp 4,599,000 "," Rp 3,150,000.00 "," Rp 3,150,000 "," Rp 1,449,000.00 ","0.16%"
"","","","","1","Toilet","","","","","","","","",""
"9","AR","B","KACA","1","Pekerjaan Pasang Pintu Toilet","2.00","unit",""," Rp 4,927,500 "," Rp 9,855,000 "," Rp 3,375,000.00 "," Rp 6,750,000 "," Rp 3,105,000.00 ","0.35%"
"2.2","","","","","LANTAI 2","","","","","","","","0",""
"2.2.1","","","","2","Pekerjaan Partisi Hebel, Gypsum","","","","","","","","0",""
"","","","","2","Jendela Perimeter Mezzanine","","","","","","","","0",""
"1","AR","M","","2","Struktur Kanal C 100","115.00","m",""," Rp 458,805 "," Rp 52,762,575 "," Rp 314,250.00 "," Rp 36,138,750 "," Rp 16,623,825.00 ","1.88%"
"2","AR","B","GYPSUM","2","Pasangan Gypsum 1 sisi Dobel Rangka Hollow","41.00","m²",""," Rp 347,480 "," Rp 14,246,680 "," Rp 238,000.00 "," Rp 9,758,000 "," Rp 4,488,680.00 ","0.51%"
"3","AR","B","CAT","2","Pengecatan Dinding","41.00","m²","Dulux Pentalite"," Rp 65,700 "," Rp 2,693,700 "," Rp 35,000.00 "," Rp 1,435,000 "," Rp 1,258,700.00 ","0.10%"
"4","AR","M","","2","Plat Biru Aluminium","41.00","m²",""," Rp 277,400 "," Rp 11,373,400 "," Rp 190,000.00 "," Rp 7,790,000 "," Rp 3,583,400.00 ","0.40%"
"","","","","2","General Area","","","","","","","","",""
"1","AR","M","","2","Perapihan Dinding ex-bongkaran","5.00","m²",""," Rp 160,600 "," Rp 803,000 ","0","0"," Rp 803,000.00 ","0.03%"
"2","AR","M","","2","Plester - Aci Dinding","90.60","m²",""," Rp 175,200 "," Rp 15,873,120 "," Rp 120,000.00 "," Rp 10,872,000 "," Rp 5,001,120.00 ","0.56%"
"3","AR","B","CAT","2","Pengecatan Dinding","100.80","m²","Dulux Pentalite"," Rp 65,700 "," Rp 6,622,560 "," Rp 35,000.00 "," Rp 3,528,000 "," Rp 3,094,560.00 ","0.24%"
"4","AR","B","CAT","2","Pengecatan Dinding Eksterior Area Tangga Darurat","10.20","m²","Dulux Weathershield"," Rp 90,520 "," Rp 923,304 "," Rp 35,000.00 "," Rp 357,000 "," Rp 566,304.00 ","0.03%"
"2.2.2","","","","","Pekerjaan Plafond","","","","","","","","0",""
"1","PR","M","","2","Pengukuran dan Kalibrasi Level Plafond","1.00","ls",""," Rp 511,000 "," Rp 511,000 ","0","0"," Rp 511,000.00 ","0.02%"
"2","AR","B","GYPSUM","2","Pasang Rangka Plafond Hollow","215.00","m²","Hollow 0,4"," Rp 350,400 "," Rp 75,336,000 "," Rp 47,700.00 "," Rp 10,255,500 "," Rp 65,080,500.00 ","2.68%"
"3","AR","B","GYPSUM","2","Pekerjaan Pasang  Plafond Gypsum Drop Ceiling","215.00","m²","A- plus"," Rp 131,400 "," Rp 28,251,000 "," Rp 44,500.00 "," Rp 9,567,500 "," Rp 18,683,500.00 ","1.01%"
"4","AR","B","GYPSUM","2","Pengecatan Plafond Gypsum ","215.00","m²","Dulux Pentalite"," Rp 65,700 "," Rp 14,125,500 "," Rp 35,000.00 "," Rp 7,525,000 "," Rp 6,600,500.00 ","0.50%"
"2.2.3","","","","","Pekerjaan Penutup Lantai","","","","","","","","0",""
"","","","","","General Area","","","","","","","","",""
"1","AR","B","KARPET","2","Pekerjaan Pasang Plywood Underlayer Karpet","215.00","m²",""," Rp 65,700 "," Rp 14,125,500 "," Rp 45,000.00 "," Rp 9,675,000 "," Rp 4,450,500.00 ","0.50%"
"2","AR","B","KARPET","2","Pekerjaan Pasang Karpet + Material Karpet Tile","215.00","m²",""," Rp 393,750 "," Rp 84,656,250 "," Rp 315,000.00 "," Rp 67,725,000 "," Rp 16,931,250.00 ","3.01%"
"3","AR","B","KARPET","2","Pekerjaan Pasang Skirting ","58.65","m'",""," Rp 109,500 "," Rp 6,422,341 "," Rp 75,000.00 "," Rp 4,398,863 "," Rp 2,023,477.21 ","0.23%"
"2.2.4","","","","","Pekerjaan Partisi Kaca, Pintu, Jendela","","","","","","","","0",""
"","","","","","Emergency Exit","","","","","","","","0",""
"1","AR","M","EL","2","Pekerjaan Pasang Pintu Darurat","1.00","unit",""," Rp 4,088,000 "," Rp 4,088,000 ","0","0"," Rp 4,088,000.00 ","0.15%"
"","","","","","Workstation","","","","","","","","0",""
"2","AR","B","KACA","2","Partisi Kaca Manager","3.00","unit",""," Rp 7,033,718 "," Rp 21,101,155 "," Rp 4,817,615.32 "," Rp 14,452,846 "," Rp 6,648,309.14 ","0.75%"
"","","","","","- kaca tempered 10 mm","3.80","m²",""," Rp 5,326,080 ",""," Rp 3,648,000.00 ","","0","0.00%"
"","","","","","- Glass Clip","7.80","m²",""," Rp 1,707,638 ",""," Rp 1,169,615.32 ","","0","0.00%"
"","","","","","Jendela Perimeter Mezzanine","","","","","","","","0",""
"3","AR","B","KACA","2","Pekerjaan Pasang Kaca Primeter R. Meeting Kecil","8.50","unit",""," Rp 3,913,586 "," Rp 33,265,480 "," Rp 2,680,538.29 "," Rp 22,784,575 "," Rp 10,480,904.70 ","1.18%"
"","","","","","   - partisi kusen aluminium dan kaca 6 mm","4.80","m2",""," Rp 2,698,080 ",""," Rp 1,848,000.00 ","","0","0.00%"
"","","","","","- kusen aluminium 4' ex. Alexindo","4.38","m",""," Rp 1,215,506 ",""," Rp 832,538.29 ","","0","0.00%"
"","","","","","Small Meeting Room","","","","","","","","0",""
"4","AR","B","KACA","2","Pekerjaan Pasang Pintu Kaca R. Meeting Kecil","","","","","","","","0",""
"","","","","","   - pintu kaca tempered  10mm dgn floor hinge","1.00","unit",""," Rp 8,906,000 "," Rp 8,906,000 "," Rp 6,100,000.00 "," Rp 6,100,000 "," Rp 2,806,000.00 ","0.32%"
"","","","","","   - handle pintu dekkson","","","","","","","","0",""
"","","","","","   - lockset dekkson","","","","","","","","0",""
"","","","","","   - door stopper dekkson","","","","","","","","0",""
"","","","","","   - sticker sandblast","","","","","","","","0",""
"5","AR","B","KACA","2","Pekerjaan Pasang Partisi Kaca Keliling","1.00","set",""," Rp 22,040,160 "," Rp 22,040,160 "," Rp 15,096,000.00 "," Rp 15,096,000 "," Rp 6,944,160.00 ","0.78%"
"","","","","","- kaca tempered 10 mm","12.60","m²","","",""," Rp 12,096,000.00 ","","0","0.00%"
"","","","","","- kusen aluminium 3' ex. Alexindo","17.90","m","","",""," Rp 2,685,000.00 ","","0","0.00%"
"","","","","","- sticker sandblast","0.00","m²","","",""," Rp 315,000.00 ","","0","0.00%"
"SubTotal Pekerjaan Arsitektur","","","","","","","","",""," Rp 1,253,065,650 ",""," Rp 694,780,822 "," Rp 558,284,828 ","44.60%"
"3","","","","","PEKERJAAN MEP","","","","","","","","",""
"3.1","","","","","LANTAI 1","","","","","","","","0",""
"3.1.1","","","","","Pekerjaan Utilitas","","","","","","","","0",""
"","","","","1","Persiapan dan Penyambungan","","","","","","","","0","0.71%"
"1","BK","M","","1","Bongkar Plafond  Eksisting untuk Jalur Instalasi Air","14.00","m2",""," Rp 21,900 "," Rp 306,600 ","0","0"," Rp 306,600.00 ","0.01%"
"2","PL","M","","1","Penyambungan Instalasi Air Bersih","1.00","ls",""," Rp 1,168,000 "," Rp 1,168,000 "," Rp 800,000.00 "," Rp 800,000 "," Rp 368,000.00 ","0.04%"
"3","AR","M","","1","Penutupan dan Perapihan Plafond ex-bongkaran","14.00","m2","A- plus"," Rp 306,600 "," Rp 4,292,400 ","0","0"," Rp 4,292,400.00 ","0.15%"
"4","BK","M","","1","Bongkar Lantai Eksisting untuk Jalur Instalasi Air","14.00","m2",""," Rp 87,600 "," Rp 1,226,400 ","0","0"," Rp 1,226,400.00 ","0.04%"
"5","PL","M","","1","Penyambungan Instalasi Air Kotor","1.00","ls",""," Rp 1,460,000 "," Rp 1,460,000 "," Rp 1,000,000.00 "," Rp 1,000,000 "," Rp 460,000.00 ","0.05%"
"6","PL","M","","1","Penyambungan Instalasi Air Bekas","1.00","ls",""," Rp 1,314,000 "," Rp 1,314,000 "," Rp 900,000.00 "," Rp 900,000 "," Rp 414,000.00 ","0.05%"
"7","AR","M","","1","Penutupan dan Perapihan Lantai ex-bongkaran","14.00","m2",""," Rp 730,000 "," Rp 10,220,000 "," Rp 500,000.00 "," Rp 7,000,000 "," Rp 3,220,000.00 ","0.36%"
"","","","","1","Toilet Pria","","","","","","","","","2.06%"
"1","PL","M","","1","Instalasi Air Bersih","8.00","ls",""," Rp 489,343 "," Rp 3,914,747 "," Rp 335,166.67 "," Rp 2,681,333 "," Rp 1,233,413.33 ","0.14%"
"2","PL","M","","1","Instalasi Air Bekas","6.00","ls",""," Rp 598,600 "," Rp 3,591,600 "," Rp 410,000.00 "," Rp 2,460,000 "," Rp 1,131,600.00 ","0.13%"
"3","PL","M","","1","Instalasi Air Kotor","6.00","ls",""," Rp 803,000 "," Rp 4,818,000 "," Rp 550,000.00 "," Rp 3,300,000 "," Rp 1,518,000.00 ","0.17%"
"4","fu","M","sanitary","1","Pekerjaan Meja Dudukan Wastafel","1.00","unit",""," Rp 9,490,000 "," Rp 9,490,000 "," Rp 6,500,000.00 "," Rp 6,500,000 "," Rp 2,990,000.00 ","0.34%"
"5","PL","M","","1","Pekerjaan Wastafel + accessories","2.00","unit",""," Rp 1,387,000 "," Rp 2,774,000 "," Rp 950,000.00 "," Rp 1,900,000 "," Rp 874,000.00 ","0.10%"
"6","PL","M","","1","Pekerjaan Kran Wastafel","2.00","unit",""," Rp 700,800 "," Rp 1,401,600 "," Rp 480,000.00 "," Rp 960,000 "," Rp 441,600.00 ","0.05%"
"7","FU","M","sanitary","1","Pekerjaan Cermin Wastafel","2.00","unit",""," Rp 876,000 "," Rp 1,752,000 "," Rp 600,000.00 "," Rp 1,200,000 "," Rp 552,000.00 ","0.06%"
"8","FU","M","sanitary","1","Pekerjaan Kubikal Toilet","3.00","unit",""," Rp 2,774,000 "," Rp 8,322,000 "," Rp 1,900,000.00 "," Rp 5,700,000 "," Rp 2,622,000.00 ","0.30%"
"9","PL","M","","1","Pekerjaan Closet Duduk + accessories","3.00","unit",""," Rp 2,598,800 "," Rp 7,796,400 "," Rp 1,780,000.00 "," Rp 5,340,000 "," Rp 2,456,400.00 ","0.28%"
"10","PL","M","","1","Pekerjaan Jetwasher","3.00","unit",""," Rp 394,200 "," Rp 1,182,600 "," Rp 270,000.00 "," Rp 810,000 "," Rp 372,600.00 ","0.04%"
"11","PL","M","","1","Pekerjaan Urinoir ","3.00","unit",""," Rp 3,650,000 "," Rp 10,950,000 "," Rp 2,500,000.00 "," Rp 7,500,000 "," Rp 3,450,000.00 ","0.39%"
"12","FU","M","sanitary","1","Pekerjaan Partisi Urinoir ","2.00","unit",""," Rp 657,000 "," Rp 1,314,000 "," Rp 450,000.00 "," Rp 900,000 "," Rp 414,000.00 ","0.05%"
"13","PL","M","","1","Floor Drain 3'","4.00","unit",""," Rp 109,500 "," Rp 438,000 "," Rp 75,000.00 "," Rp 300,000 "," Rp 138,000.00 ","0.02%"
"","","","","1","Toilet Wanita","","","","","","","","","1.44%"
"1","PL","M","","1","Instalasi Air Bersih","5.00","ls",""," Rp 489,343 "," Rp 2,446,717 "," Rp 335,166.67 "," Rp 1,675,833 "," Rp 770,883.33 ","0.09%"
"2","PL","M","","1","Instalasi Air Bekas","4.00","ls",""," Rp 598,600 "," Rp 2,394,400 "," Rp 410,000.00 "," Rp 1,640,000 "," Rp 754,400.00 ","0.09%"
"3","PL","M","","1","Instalasi Air Kotor","3.00","ls",""," Rp 803,000 "," Rp 2,409,000 "," Rp 550,000.00 "," Rp 1,650,000 "," Rp 759,000.00 ","0.09%"
"4","fu","M","sanitary","1","Pekerjaan Meja Dudukan Wastafel","1.00","unit",""," Rp 9,490,000 "," Rp 9,490,000 "," Rp 6,500,000.00 "," Rp 6,500,000 "," Rp 2,990,000.00 ","0.34%"
"5","PL","M","","1","Pekerjaan Wastafel ","2.00","unit",""," Rp 700,800 "," Rp 1,401,600 "," Rp 480,000.00 "," Rp 960,000 "," Rp 441,600.00 ","0.05%"
"6","PL","M","","1","Pekerjaan Kran Wastafel ","2.00","unit",""," Rp 1,460,000 "," Rp 2,920,000 "," Rp 1,000,000.00 "," Rp 2,000,000 "," Rp 920,000.00 ","0.10%"
"7","FU","M","sanitary","1","Pekerjaan Cermin Wastafel","2.00","unit",""," Rp 876,000 "," Rp 1,752,000 "," Rp 600,000.00 "," Rp 1,200,000 "," Rp 552,000.00 ","0.06%"
"8","PL","M","","1","Pekerjaan Kubikal Toilet","3.00","unit",""," Rp 2,774,000 "," Rp 8,322,000 "," Rp 1,900,000.00 "," Rp 5,700,000 "," Rp 2,622,000.00 ","0.30%"
"9","PL","M","","1","Pekerjaan Closet Duduk ","3.00","unit",""," Rp 2,598,800 "," Rp 7,796,400 "," Rp 1,780,000.00 "," Rp 5,340,000 "," Rp 2,456,400.00 ","0.28%"
"10","PL","M","","1","Pekerjaan Jetwasher ","3.00","unit",""," Rp 394,200 "," Rp 1,182,600 "," Rp 270,000.00 "," Rp 810,000 "," Rp 372,600.00 ","0.04%"
"11","PL","M","","1","Floor Drain 3'","3.00","unit",""," Rp 109,500 "," Rp 328,500 "," Rp 75,000.00 "," Rp 225,000 "," Rp 103,500.00 ","0.01%"
"","","","","1","Janitor","","","","","","","","","0.05%"
"1","PL","M","","1","Instalasi Air Bersih","1.00","ls",""," Rp 489,343 "," Rp 489,343 "," Rp 335,166.67 "," Rp 335,167 "," Rp 154,176.67 ","0.02%"
"2","PL","M","","1","Instalasi Air Bekas","1.00","ls",""," Rp 598,600 "," Rp 598,600 "," Rp 410,000.00 "," Rp 410,000 "," Rp 188,600.00 ","0.02%"
"3","PL","M","","1","Pekerjaan Keran ","1.00","unit",""," Rp 321,200 "," Rp 321,200 "," Rp 220,000.00 "," Rp 220,000 "," Rp 101,200.00 ","0.01%"
"4","PL","M","","1","Floor Drain 3'","1.00","unit",""," Rp 109,500 "," Rp 109,500 "," Rp 75,000.00 "," Rp 75,000 "," Rp 34,500.00 ","0.00%"
"","","","","1","Area Wudhu","","","","","","","","","0.25%"
"1","PL","M","","1","Instalasi Air Bersih","6.00","ls",""," Rp 489,343 "," Rp 2,936,060 "," Rp 335,166.67 "," Rp 2,011,000 "," Rp 925,060.00 ","0.10%"
"2","PL","M","","1","Instalasi Air Bekas","3.00","ls",""," Rp 598,600 "," Rp 1,795,800 "," Rp 410,000.00 "," Rp 1,230,000 "," Rp 565,800.00 ","0.06%"
"3","PL","M","","1","Pekerjaan Keran Wudhu ","6.00","unit",""," Rp 321,200 "," Rp 1,927,200 "," Rp 220,000.00 "," Rp 1,320,000 "," Rp 607,200.00 ","0.07%"
"4","PL","M","","1","Floor Drain 3'","3.00","unit",""," Rp 109,500 "," Rp 328,500 "," Rp 75,000.00 "," Rp 225,000 "," Rp 103,500.00 ","0.01%"
"","","","","1","Pemadam Api","","","","","","","","","1.39%"
"1","SF","M","","1","APAR Tonata 6kg + Box Set","1.00","unit",""," Rp 1,752,000 "," Rp 1,752,000 "," Rp 1,200,000.00 "," Rp 1,200,000 "," Rp 552,000.00 ","0.06%"
"2","SF","B","","1","Sprinkler head  type pendant additional Ex. Viking","5.00","unit",""," Rp 3,942,000 "," Rp 19,710,000 "," Rp 2,700,000.00 "," Rp 13,500,000 "," Rp 6,210,000.00 ","0.70%"
"3","SF","B","","1","Black Steel Pipe (BSP) SCH.40  Ex. Spindo d=25mm","5.00","unit",""," Rp 1,460,000 "," Rp 7,300,000 "," Rp 1,000,000.00 "," Rp 5,000,000 "," Rp 2,300,000.00 ","0.26%"
"4","EL","B","SMOKE DETECTOR","1","Smoke Detector + Instalasi","5.00","unit",""," Rp 2,044,000 "," Rp 10,220,000 "," Rp 1,400,000.00 "," Rp 7,000,000 "," Rp 3,220,000.00 ","0.36%"
"3.1.2","","","","","Pekerjaan Elektrikal","","","","","","","","0",""
"F.2","","","","","Pekerjaan ME & Lighitng","","","","","","","","0",""
"1","EL","B","MCB","1","Box MCB + Akesoris","1.00","unit",""," Rp 3,650,000 "," Rp 3,650,000 "," Rp 2,500,000.00 "," Rp 2,500,000 "," Rp 1,150,000.00 ","0.13%"
"","","","","1","Workstation","","","","","","","","",""
"1","EL","B","SAKLAR","1","Switch Double + Instalasi","3.00","unit",""," Rp 365,000 "," Rp 1,095,000 "," Rp 250,000.00 "," Rp 750,000 "," Rp 345,000.00 ","0.04%"
"2","EL","B","STOP KONTAK","1","Wall Mounted Power Outlet  + Instalasi","6.00","unit",""," Rp 1,168,000 "," Rp 7,008,000 "," Rp 800,000.00 "," Rp 4,800,000 "," Rp 2,208,000.00 ","0.25%"
"3","EL","B","LAMPU","1","Recessed Ceiing Downlight","24.00","unit",""," Rp 365,000 "," Rp 8,760,000 "," Rp 250,000.00 "," Rp 6,000,000 "," Rp 2,760,000.00 ","0.31%"
"4","EL","B","LAMPU","1","LSC500-01 Philips Fortimo LEDFlex C 500lm/m  927 + Aluminum Heatsink or Equal","160.00","m",""," Rp 511,000 "," Rp 81,760,000 "," Rp 350,000.00 "," Rp 56,000,000 "," Rp 25,760,000.00 ","2.91%"
"5","EL","B","STOP KONTAK","1","Table Mounted Power Socket , box included in desk set + Instalasi (Staff)","6.00","unit",""," Rp 511,000 "," Rp 3,066,000 "," Rp 350,000.00 "," Rp 2,100,000 "," Rp 966,000.00 ","0.11%"
"6","EL","B","STOP KONTAK","1","Table Mounted Power Socket , box included in desk set + Instalasi (Manager)","5.00","unit",""," Rp 438,000 "," Rp 2,190,000 "," Rp 300,000.00 "," Rp 1,500,000 "," Rp 690,000.00 ","0.08%"
"","","","","1","Holding","","","","0","","","","",""
"1","EL","B","STOP KONTAK","1","Table Mounted Power Socket , box included in desk set + Instalasi (Staff)","4.00","unit",""," Rp 1,314,000 "," Rp 5,256,000 "," Rp 900,000.00 "," Rp 3,600,000 "," Rp 1,656,000.00 ","0.19%"
"2","EL","B","STOP KONTAK","1","Table Mounted Power Socket , box included in desk set + Instalasi (Manager)","2.00","unit","","0","0","","0","0","0.00%"
"3","EL","B","SAKLAR","1","Switch Double + Instalasi","1.00","unit",""," Rp 365,000 "," Rp 365,000 "," Rp 250,000.00 "," Rp 250,000 "," Rp 115,000.00 ","0.01%"
"4","EL","B","STOP KONTAK","1","Wall Mounted Power Outlet  + Instalasi","3.00","unit",""," Rp 511,000 "," Rp 1,533,000 "," Rp 350,000.00 "," Rp 1,050,000 "," Rp 483,000.00 ","0.05%"
"5","EL","B","LAMPU","1","Recessed Ceiing Downlight","6.00","unit",""," Rp 511,000 "," Rp 3,066,000 "," Rp 350,000.00 "," Rp 2,100,000 "," Rp 966,000.00 ","0.11%"
"6","EL","B","LAMPU","1","LSC500-01 Philips Fortimo LEDFlex C 500lm/m  927 + Aluminum Heatsink or Equal","20.00","m",""," Rp 438,000 "," Rp 8,760,000 "," Rp 300,000.00 "," Rp 6,000,000 "," Rp 2,760,000.00 ","0.31%"
"","","","","1","Mushola","","","","0","","","","",""
"1","EL","B","STOP KONTAK","1","Wall Mounted Power Outlet  + Instalasi","2.00","unit",""," Rp 1,314,000 "," Rp 2,628,000 "," Rp 900,000.00 "," Rp 1,800,000 "," Rp 828,000.00 ","0.09%"
"2","EL","B","SAKLAR","1","Switch Double + Instalasi","1.00","unit",""," Rp 365,000 "," Rp 365,000 "," Rp 250,000.00 "," Rp 250,000 "," Rp 115,000.00 ","0.01%"
"3","EL","B","LAMPU","1","Recessed Ceiing Downlight","6.00","unit",""," Rp 511,000 "," Rp 3,066,000 "," Rp 350,000.00 "," Rp 2,100,000 "," Rp 966,000.00 ","0.11%"
"","","","","1","Toilet","","","","0","","","","",""
"1","EL","B","STOP KONTAK","1","Wall Mounted Power Outlet  + Instalasi","4.00","unit",""," Rp 511,000 "," Rp 2,044,000 "," Rp 350,000.00 "," Rp 1,400,000 "," Rp 644,000.00 ","0.07%"
"2","EL","B","SAKLAR","1","Switch Double + Instalasi","2.00","unit",""," Rp 365,000 "," Rp 730,000 "," Rp 250,000.00 "," Rp 500,000 "," Rp 230,000.00 ","0.03%"
"3","EL","B","LAMPU","1","Recessed Ceiing Downlight","12.00","unit",""," Rp 511,000 "," Rp 6,132,000 "," Rp 350,000.00 "," Rp 4,200,000 "," Rp 1,932,000.00 ","0.22%"
"","","","","1","Janitor","","","","0","","","","",""
"1","EL","B","STOP KONTAK","1","Wall Mounted Power Outlet  + Instalasi","2.00","unit",""," Rp 511,000 "," Rp 1,022,000 "," Rp 350,000.00 "," Rp 700,000 "," Rp 322,000.00 ","0.04%"
"2","EL","B","SAKLAR","1","Switch Double + Instalasi","1.00","unit",""," Rp 438,000 "," Rp 438,000 "," Rp 300,000.00 "," Rp 300,000 "," Rp 138,000.00 ","0.02%"
"3","EL","B","LAMPU","1","Recessed Ceiing Downlight","2.00","unit",""," Rp 511,000 "," Rp 1,022,000 "," Rp 350,000.00 "," Rp 700,000 "," Rp 322,000.00 ","0.04%"
"","","","","1","Storage","","","","0","","","","",""
"1","EL","B","STOP KONTAK","1","Wall Mounted Power Outlet  + Instalasi","2.00","unit",""," Rp 511,000 "," Rp 1,022,000 "," Rp 350,000.00 "," Rp 700,000 "," Rp 322,000.00 ","0.04%"
"2","EL","B","SAKLAR","1","Switch Double + Instalasi","1.00","unit",""," Rp 438,000 "," Rp 438,000 "," Rp 300,000.00 "," Rp 300,000 "," Rp 138,000.00 ","0.02%"
"3","EL","B","LAMPU","1","Recessed Ceiing Downlight","4.00","unit",""," Rp 511,000 "," Rp 2,044,000 "," Rp 350,000.00 "," Rp 1,400,000 "," Rp 644,000.00 ","0.07%"
"4","EL","B","STOP KONTAK","1","Table Mounted Power Socket , box included in desk set + Instalasi (Staff)","1.00","unit",""," Rp 1,460,000 "," Rp 1,460,000 "," Rp 1,000,000.00 "," Rp 1,000,000 "," Rp 460,000.00 ","0.05%"
"3.1.3","","","","","Pekerjaan HVAC","","","","","","","","",""
"1","EL","B","MCB","1","Box MCB + Akesoris","1.00","unit",""," Rp 1,898,000 "," Rp 1,898,000 ","0","0"," Rp 1,898,000.00 ","0.07%"
"","","","","1","Workstation","","","","","","","","",""
"1","HV","B","AC","1","Instalasi Saluran dan Elektrikal AC","4.00","unit",""," Rp 10,950,000 "," Rp 43,800,000 "," Rp 7,500,000.00 "," Rp 30,000,000 "," Rp 13,800,000.00 ","1.56%"
"2","HV","B","","1","Instalasi AC Cassette 2 PK ex. GREE (By Owner)","0.00","titik",""," Rp 18,875,000 ","0"," Rp 15,100,000.00 ","0","0","0.00%"
"","","","","1","Holding","","","","","","","","",""
"1","HV","B","AC","1","Instalasi Saluran dan Elektrikal AC","1.00","unit",""," Rp 10,950,000 "," Rp 10,950,000 "," Rp 7,500,000.00 "," Rp 7,500,000 "," Rp 3,450,000.00 ","0.39%"
"2","HV","B","","1","Instalasi AC Cassette 2 PK ex. GREE (By Owner)","0.00","titik",""," Rp 18,875,000 ","0"," Rp 15,100,000.00 ","0","0","0.00%"
"","","","","1","Storage","","","","","","","","",""
"1","HV","B","AC","1","Instalasi Saluran dan Elektrikal AC","1.00","unit",""," Rp 6,132,000 "," Rp 6,132,000 "," Rp 4,200,000.00 "," Rp 4,200,000 "," Rp 1,932,000.00 ","0.22%"
"2","HV","B","","1","Instalasi AC Split 2 PK ex. GREE (By Owner)","0.00","titik",""," Rp 9,375,000 ","0"," Rp 7,500,000.00 ","0","0","0.00%"
"","","","","1","Mushola dan Toilet","","","","","","","","",""
"1","HV","B","AC","1","Instalasi Saluran dan Elektrikal AC","3.00","unit",""," Rp 10,950,000 "," Rp 32,850,000 "," Rp 7,500,000.00 "," Rp 22,500,000 "," Rp 10,350,000.00 ","1.17%"
"2","HV","B","","1","Instalasi AC Cassette 2 PK ex. GREE (By Owner)","0.00","titik",""," Rp 18,875,000 ","0"," Rp 15,100,000.00 ","0","0","0.00%"
"3.2","","","","","LANTAI 2","","","","","","","","",""
"3.2.1","","","","","Pekerjaan Utilitas","","","","","","","","",""
"","","","","","Pemadam Api","","","","","","","","",""
"1","SF","M","","2","APAR Tonata 6kg + Box Set","1.00","unit",""," Rp 1,752,000 "," Rp 1,752,000 "," Rp 1,200,000.00 "," Rp 1,200,000 "," Rp 552,000.00 ","0.06%"
"2","SF","B","","2","Sprinkler head  type pendant additional Ex. Viking","4.00","unit",""," Rp 3,942,000 "," Rp 15,768,000 "," Rp 2,700,000.00 "," Rp 10,800,000 "," Rp 4,968,000.00 ","0.56%"
"3","SF","B","","2","Black Steel Pipe (BSP) SCH.40  Ex. Spindo d=25mm","4.00","unit",""," Rp 1,460,000 "," Rp 5,840,000 "," Rp 1,000,000.00 "," Rp 4,000,000 "," Rp 1,840,000.00 ","0.21%"
"4","EL","B","SMOKE DETECTOR","2","Smoke Detector + Instalasi","4.00","unit",""," Rp 2,044,000 "," Rp 8,176,000 "," Rp 1,400,000.00 "," Rp 5,600,000 "," Rp 2,576,000.00 ","0.29%"
"3.2.2","","","","","Pekerjaan Elektrikal","","","","","","","","",""
"F.1","","","","","General Area","","","","","","","","",""
"1","EL","B","MCB","2","Box MCB + Akesoris","1.00","unit",""," Rp 3,650,000 "," Rp 3,650,000 "," Rp 2,500,000.00 "," Rp 2,500,000 "," Rp 1,150,000.00 ","0.13%"
"","","","","2","Staff","","","","","","","","",""
"1","EL","B","STOP KONTAK","2","Table Mounted Power Socket , box included in desk set + Instalasi","6.00","unit",""," Rp 1,168,000 "," Rp 7,008,000 "," Rp 800,000.00 "," Rp 4,800,000 "," Rp 2,208,000.00 ","0.25%"
"2","EL","B","SAKLAR","2","Switch Double + Instalasi","2.00","unit",""," Rp 365,000 "," Rp 730,000 "," Rp 250,000.00 "," Rp 500,000 "," Rp 230,000.00 ","0.03%"
"3","EL","B","STOP KONTAK","2","Wall Mounted Power Outlet  + Instalasi","6.00","unit",""," Rp 511,000 "," Rp 3,066,000 "," Rp 350,000.00 "," Rp 2,100,000 "," Rp 966,000.00 ","0.11%"
"4","EL","B","LAMPU","2","Recessed Ceiing Downlight","24.00","unit",""," Rp 511,000 "," Rp 12,264,000 "," Rp 350,000.00 "," Rp 8,400,000 "," Rp 3,864,000.00 ","0.44%"
"5","EL","B","LAMPU","2","LSC500-01 Philips Fortimo LEDFlex C 500lm/m  927 + Aluminum Heatsink or Equal","75.00","m",""," Rp 438,000 "," Rp 32,850,000 "," Rp 300,000.00 "," Rp 22,500,000 "," Rp 10,350,000.00 ","1.17%"
"","","","","2","Manager","","","","","","","","",""
"1","EL","B","STOP KONTAK","2","Table Mounted Power Socket , box included in desk set + Instalasi","11.00","unit",""," Rp 1,314,000 "," Rp 14,454,000 "," Rp 900,000.00 "," Rp 9,900,000 "," Rp 4,554,000.00 ","0.51%"
"","","","","2","Small Meeting Room","","","","","","","","",""
"1","EL","B","SAKLAR","2","Switch Double + Instalasi","1.00","unit",""," Rp 365,000 "," Rp 365,000 "," Rp 250,000.00 "," Rp 250,000 "," Rp 115,000.00 ","0.01%"
"2","EL","B","STOP KONTAK","2","Wall Mounted Power Outlet  + Instalasi","1.00","unit",""," Rp 511,000 "," Rp 511,000 "," Rp 350,000.00 "," Rp 350,000 "," Rp 161,000.00 ","0.02%"
"3","EL","B","LAMPU","2","Recessed Ceiing Downlight","4.00","unit",""," Rp 511,000 "," Rp 2,044,000 "," Rp 350,000.00 "," Rp 1,400,000 "," Rp 644,000.00 ","0.07%"
"3.2.3","","","","","Pekerjaan HVAC","","","","","","","","0",""
"1","EL","B","MCB","2","Box MCB + Akesoris","1.00","unit",""," Rp 3,650,000 "," Rp 3,650,000 "," Rp 2,500,000.00 "," Rp 2,500,000 "," Rp 1,150,000.00 ","0.13%"
"2","HV","B","AC","2","Instalasi Saluran dan Elektrikal AC","5.00","unit",""," Rp 10,950,000 "," Rp 54,750,000 "," Rp 7,500,000.00 "," Rp 37,500,000 "," Rp 17,250,000.00 ","1.95%"
"3","HV","B","","2","Instalasi AC Cassette 2 PK ex. GREE (By Owner)","0.00","titik",""," Rp 18,875,000 ","0"," Rp 15,100,000.00 ","0","0","0.00%"
"SubTotal Pekerjaan MEP","","","","","","","","",""," Rp 577,091,767 ",""," Rp 389,978,333 "," Rp 187,113,433 ","20.54%"
"4","","","","","PEKERJAAN INTERIOR","","","","","","","","",""
"4.1","","","","","LANTAI 1","","","","","","","","",""
"4.1.1","","","","","Pekerjaan Instalasi dan Pemasangan Furniture","","","","","","","","",""
"1","FU","M","instalasi","1","Pemasangan Loose Furniture","1.00","ls",""," Rp 2,190,000 "," Rp 2,190,000 "," Rp 1,500,000.00 "," Rp 1,500,000 "," Rp 690,000.00 ","0.08%"
"2","FU","M","instalasi","1","Pemasangan Built Furniture","1.00","ls",""," Rp 5,548,000 "," Rp 5,548,000 "," Rp 3,800,000.00 "," Rp 3,800,000 "," Rp 1,748,000.00 ","0.20%"
"4.1.2","","","","1","Pekerjaan Furniture","","","","","","","","",""
"","","","","1","Workstation","","","","","","","","",""
"1","fu","M","meja","1","Meja Staff Group of 4 Tipe A","2.00","unit",""," Rp 8,760,000 "," Rp 17,520,000 "," Rp 6,000,000.00 "," Rp 12,000,000 "," Rp 5,520,000.00 ","0.62%"
"2","fu","M","meja","1","Meja Staff Group of 4 Tipe B","2.00","unit",""," Rp 8,760,000 "," Rp 17,520,000 "," Rp 6,000,000.00 "," Rp 12,000,000 "," Rp 5,520,000.00 ","0.62%"
"3","fu","M","meja","1","Meja Staff Group of 6","2.00","unit",""," Rp 13,140,000 "," Rp 26,280,000 "," Rp 9,000,000.00 "," Rp 18,000,000 "," Rp 8,280,000.00 ","0.94%"
"4","fu","B","meja","1","Meja Manager Tipe B","5.00","unit",""," Rp 4,380,000 "," Rp 21,900,000 "," Rp 3,000,000.00 "," Rp 15,000,000 "," Rp 6,900,000.00 ","0.78%"
"5","fu","B","kursi","1","Pekerjaan Kursi Kerja Staff (By Owner)","0.00","unit","","0","0"," Rp 1,200,000.00 ","0","0","0.00%"
"6","fu","B","kursi","1","Pekerjaan Kursi Kerja Manager (By Owner)","0.00","unit","","0","0"," Rp 1,500,000.00 ","0","0","0.00%"
"7","fu","M","storage dan pelengkap","1","Kabinet Storage + Dispenser (F1)","1.00","unit",""," Rp 29,127,000 "," Rp 29,127,000 "," Rp 15,407,700.00 "," Rp 15,407,700 "," Rp 13,719,300.00 ","1.04%"
"8","fu","M","storage dan pelengkap","1","Planter Tipe A (F7)","8.00","unit",""," Rp 1,898,000 "," Rp 15,184,000 "," Rp 1,300,000.00 "," Rp 10,400,000 "," Rp 4,784,000.00 ","0.54%"
"","","","","1","Holding","","","","","","","","",""
"1","fu","B","meja","1","Meja Manager Tipe B (Holding)","2.00","unit",""," Rp 4,380,000 "," Rp 8,760,000 "," Rp 3,000,000.00 "," Rp 6,000,000 "," Rp 2,760,000.00 ","0.31%"
"2","fu","M","meja","1","Meja Staff 1 Seat Tipe A","4.00","unit",""," Rp 2,190,000 "," Rp 8,760,000 "," Rp 1,500,000.00 "," Rp 6,000,000 "," Rp 2,760,000.00 ","0.31%"
"3","fu","M","meja rapat","1","Meja Diskusi 4 Seat","1.00","unit",""," Rp 5,110,000 "," Rp 5,110,000 "," Rp 3,500,000.00 "," Rp 3,500,000 "," Rp 1,610,000.00 ","0.18%"
"4","fu","B","kursi","1","Pekerjaan Kursi Kerja Staff (By Owner)","0.00","unit","","0","0"," Rp 1,200,000.00 ","0","0","0.00%"
"5","fu","B","kursi","1","Pekerjaan Kursi Kerja Manager (By Owner)","0.00","unit","","0","0"," Rp 1,500,000.00 ","0","0","0.00%"
"6","fu","M","storage dan pelengkap","1","Kabinet TV + Dispenser","1.00","unit",""," Rp 29,127,000 "," Rp 29,127,000 "," Rp 19,950,000.00 "," Rp 19,950,000 "," Rp 9,177,000.00 ","1.04%"
"7","fu","M","storage dan pelengkap","1","Kabinet Storage Tipe C","1.00","unit",""," Rp 35,040,000 "," Rp 35,040,000 "," Rp 24,000,000.00 "," Rp 24,000,000 "," Rp 11,040,000.00 ","1.25%"
"8","fu","M","storage dan pelengkap","1","Planter Tipe A (F7)","2.00","unit",""," Rp 1,898,000 "," Rp 3,796,000 "," Rp 1,300,000.00 "," Rp 2,600,000 "," Rp 1,196,000.00 ","0.14%"
"","","","","1","Storage","","","","","","","","",""
"1","fu","M","meja","1","Meja Staff 1 Seat Tipe A","1.00","unit",""," Rp 2,190,000 "," Rp 2,190,000 "," Rp 1,500,000.00 "," Rp 1,500,000 "," Rp 690,000.00 ","0.08%"
"2","fu","B","kursi","1","Pekerjaan Kursi Kerja Staff","0.00","unit","","0","0"," Rp 1,200,000.00 ","0","0","0.00%"
"","","","","1","Mushola","","","","","","","","",""
"1","fu","M","storage dan pelengkap","1","Pekerjaan Storage C 600x300x1000 (FX)","1.00","unit",""," Rp 1,022,000 "," Rp 1,022,000 "," Rp 700,000.00 "," Rp 700,000 "," Rp 322,000.00 ","0.04%"
"","","","","1","Area Wudhu","","","","","","","","",""
"1","fu","M","storage dan pelengkap","1","Pekerjaan Storage C 600x300x1000 (FX)","2.00","unit",""," Rp 1,460,000 "," Rp 2,920,000 "," Rp 1,000,000.00 "," Rp 2,000,000 "," Rp 920,000.00 ","0.10%"
"","","","","1","Janitor","","","","","","","","",""
"1","fu","M","storage dan pelengkap","1","Pekerjaan Storage D 1250x450x2500 (F5)","1.00","unit",""," Rp 4,672,000 "," Rp 4,672,000 "," Rp 3,200,000.00 "," Rp 3,200,000 "," Rp 1,472,000.00 ","0.17%"
"","","","","1","Electronics","","","","","","","","",""
"1","","","","1","Toshiba Android TV 43 inch (By Owner)","0.00","unit",""," Rp 6,840,000 ","0"," Rp 5,700,000.00 ","0","0","0.00%"
"4.2","","","","","LANTAI 2","","","","","","","","",""
"4.2.1","","","","2","Pekerjaan Instalasi dan Pemasangan Furniture","","","","","","","","",""
"1","FU","M","instalasi","2","Pemasangan Loose Furniture","1.00","ls",""," Rp 1,752,000 "," Rp 1,752,000 ","0","0"," Rp 1,752,000.00 ","0.06%"
"2","FU","M","instalasi","2","Pemasangan Built Furniture","1.00","ls",""," Rp 3,504,000 "," Rp 3,504,000 ","0","0"," Rp 3,504,000.00 ","0.12%"
"4.2.2","","","","2","Pekerjaan Furniture","","","","","","","","",""
"","","","","2","Workstation","","","","","","","","",""
"1","fu","B","meja","2","Meja Manager Tipe A (2 meters wide) (-2)","5.00","unit",""," Rp 6,570,000 "," Rp 32,850,000 "," Rp 5,500,000.00 "," Rp 27,500,000 "," Rp 5,350,000.00 ","1.17%"
"2","fu","B","meja","2","Meja Manager Tipe B","6.00","unit",""," Rp 4,380,000 "," Rp 26,280,000 "," Rp 3,000,000.00 "," Rp 18,000,000 "," Rp 8,280,000.00 ","0.94%"
"3","fu","M","meja","2","Meja Staff Group of 2","1.00","unit",""," Rp 8,760,000 "," Rp 8,760,000 "," Rp 3,000,000.00 "," Rp 3,000,000 "," Rp 5,760,000.00 ","0.31%"
"3","fu","M","meja","2","Meja Staff Group of 4 Tipe B","4.00","unit",""," Rp 8,760,000 "," Rp 35,040,000 "," Rp 6,000,000.00 "," Rp 24,000,000 "," Rp 11,040,000.00 ","1.25%"
"3","fu","M","meja","2","Meja Staff Group of 6","1.00","unit",""," Rp 8,760,000 "," Rp 8,760,000 "," Rp 9,000,000.00 "," Rp 9,000,000 ","-Rp 240,000.00 ","0.31%"
"4","fu","B","kursi","2","Pekerjaan Kursi Kerja Staff (By Owner)","0.00","unit","","0","0"," Rp 1,200,000.00 ","0","0","0.00%"
"5","fu","B","kursi","2","Pekerjaan Kursi Kerja Manager (By Owner)","0.00","unit","","0","0"," Rp 1,500,000.00 ","0","0","0.00%"
"6","fu","M","storage dan pelengkap","2","Kabinet Storage Office (F4)","2.00","unit",""," Rp 29,127,000 "," Rp 58,254,000 "," Rp 16,808,400.00 "," Rp 33,616,800 "," Rp 24,637,200.00 ","2.07%"
"7","fu","M","storage dan pelengkap","2","Planter Tipe A (F7)","4.00","unit",""," Rp 1,898,000 "," Rp 7,592,000 "," Rp 1,300,000.00 "," Rp 5,200,000 "," Rp 2,392,000.00 ","0.27%"
"","","","","2","Small Meeting","","","","","","","","",""
"1","fu","M","storage dan pelengkap","2","Backdrop TV","1.00","unit",""," Rp 2,190,000 "," Rp 2,190,000 "," Rp 1,500,000.00 "," Rp 1,500,000 "," Rp 690,000.00 ","0.08%"
"2","fu","M","meja rapat","2","Meja Diskusi 8 Seat","1.00","unit",""," Rp 5,110,000 "," Rp 5,110,000 "," Rp 3,500,000.00 "," Rp 3,500,000 "," Rp 1,610,000.00 ","0.18%"
"3","fu","B","kursi","2","Pekerjaan Kursi Kerja Staff","0.00","unit","","0","0"," Rp 1,200,000.00 ","0","0","0.00%"
"","","","","2","Electronics","","","","","","","","",""
"1","FU","M","elektronik","2","Toshiba Android TV 43 inch (By Owner)","0.00","unit",""," Rp 6,840,000 ","0","0","0","0","0.00%"
"","","","","2","Others","","","","","","","","",""
"1","fu","M","storage dan pelengkap","2","Roller Blind (14 m2 x 2 + 10m2 x2) ","1.00","Ls",""," Rp 29,200,000 "," Rp 29,200,000 "," Rp 20,000,000.00 "," Rp 20,000,000 ","","1.04%"
